{
  "GlobalSensitivity": 3.29999995,
  "GlobalBrightnessBoost": 2.5,
  "FreqLowBoundsHz": [
    20,
    47,
    112,
    266,
    632,
    1499,
    3556,
    8433
  ],
  "FreqHighBoundsHz": [
    47,
    112,
    266,
    632,
    1499,
    3556,
    8433,
    20000
  ],
  "SpotSensitivity": [
    0.699999988,
    0.5,
    0.699999988,
    1,
    1,
    1,
    1,
    1
  ],
  "SpotMinBrightness": [
    0.119999997,
    0.119999997,
    0.119999997,
    0.119999997,
    0.119999997,
    0.119999997,
    0.119999997,
    0.119999997
  ],
  "SpotColorsArgb": [
    -65536,
    -16640,
    -8126720,
    -16711873,
    -16711681,
    -16760833,
    -8453889,
    -65345
  ],
  "SpectrumVisible": true,
  "InfoVisible": true,
  "LayoutMode": 0,
  "IsRectangular": false,
  "SpotSize": 415,
  "SaveDate": "2026-04-06T14:57:38.3071717+03:00"
}